"Category","tot","acc"
"rec","187","53.42245989304818"
"ocr","108","47.3148148148148"
"know","84","38.92857142857141"
"gen","80","39.99999999999998"
"spat","75","50.13333333333333"
"math","26","10.769230769230768"
"Overall","218","48.30275229357803"
