"split","Overall","atomStructure","eclipses","faultsEarthquakes","foodChainsWebs","lifeCycles","moonPhaseEquinox","partsOfA","partsOfTheEarth","photosynthesisRespiration","rockCycle","rockStrata","solarSystem","typesOf","volcano","waterCNPCycle"
"none","0.7827072538860104","0.75","0.8387096774193549","0.6428571428571429","0.8889845094664371","0.7434052757793765","0.6064981949458483","0.7720739219712526","0.6923076923076923","0.6962025316455697","0.6268656716417911","0.7804878048780488","0.8888888888888888","0.7084548104956269","0.875","0.5909090909090909"
